Technology,UK,US,Australia,Germany,All Firms
Any AI Technology,79.15066,76.6,64.2857142857143,72.46903,74.65165329321472
Other,38.30006,34.7,18.6046511627907,31.48403,33.0550584563056
Data processing using ML,43.51269,45.9,31.5614617940199,36.61024,40.126601283795566
Visual content creation,35.10621,32.8,28.4053156146179,31.75285,32.74330334379905
Text generation using LLMs,29.81724,28.8,30.8970099667774,34.33826,31.424851962323388
Image processing using ML,32.4202,31.6,24.7508305647841,27.1935,29.528067137624284
Robotics,21.335,22.3,23.5880398671096,18.39117,20.653102841444266
Autonomous vehicles,13.58206,14.5,20.265780730897,17.53789,15.916782548403976
