Technology,UK,US,Australia,Germany,All Firms
Any AI Technology,71.25387,77.5,59.3023255813954,64.66675,68.57373558763587
Other,35.01939,34,12.7906976744186,19.77835,26.661078766983696
Data processing using ML,33.21537,36.9,22.093023255814,21.27957,28.098078868885874
Visual content creation,29.01178,32.5,20.0996677740864,29.50955,28.904895254755438
Text generation using LLMs,33.48138,53.5,30.0664451827243,45.9774,41.48398576086957
Image processing using ML,24.51033,26.7,11.7940199335548,14.50985,19.718112849864127
Robotics,13.64889,13,7.47508305647841,3.858204,9.10938053804348
Autonomous vehicles,2.991963,4.5,6.64451827242525,2.638384,3.4926873851902176
