Category,All Firms,US,UK,Germany,Australia
Not at all,28.216037706450606,27.8,25.44,29.21,33.7209302325581
Up to 1 hour a week,40.718884387659706,35,44.9,41.02,35.7142857142857
1 to 5 hours a week,23.741855718292307,28.6,23.19,22.58,22.093023255814
>5 hours a week,7.344358055468993,8.7,6.47,7.2,8.47176079734219
Average use per week (hours),1.4666769476472425,1.6855000000000002,1.40545,1.4225,1.4767441860465127
